{"NEZAVISNIH":{"LISTA":1.0},"REFORMISTI":{},"RIJEKU":{},"ŽENA":{},"PRIGORSKO-ZAGREBAČKA":{"STRANKA":1.0},"DEMOKRACIJE":{},"AKCIJA":{"SOCIJALDEMOKRATA":0.2,"MLADIH":0.2,"HRVATSKE":0.2,"ZA":0.2},"SRPSKA":{"STRANKA":0.6666666666666666,"NARODNA":0.3333333333333333},"NARAVNOG":{"ZAKONA":1.0},"NEZAVISNA":{"LISTA":0.9999999999999999},"DEMOKRATSKI":{"SABOR":0.2857142857142857,"CENTAR":0.2857142857142857,"SAVEZ":0.42857142857142855},"KRŠĆANSKA":{"DEMOKRATSKA":1.0},"AKCIJE":{"HRVATSKE":1.0},"STIPE PETRINA":{},"NACIONALNI":{"FORUM":1.0},"SRBA":{},"MOST":{},"REPUBLIKANSKA":{"STRANKA":0.5,"ZAJEDNICA":0.5},"SELJAČKE":{"STRANKE":1.0},"STJEPAN RADIĆ":{},"PODRAVSKA":{"STRANKA":1.0},"DEMOKRŠĆANSKA":{"STRANKA":1.0},"PROLJEĆARI":{},"AUTOHTONA":{"HRVATSKA":1.0},"BOŠNJAČKA":{"DEMOKRATSKA":1.0},"DAMIR BAJS":{"NEZAVISNA":1.0},"HRVATSKI":{"NARODNJACI":0.07142857142857142,"VIDIK":0.07142857142857142,"BLOK":0.07142857142857142,"DALMATINSKI":0.07142857142857142,"OSLOBODILAČKI":0.07142857142857142,"LABURISTI":0.07142857142857142,"DEMOKRŠĆANI":0.07142857142857142,"NEZAVISNI":0.07142857142857142,"DEMOKRATSKI":0.14285714285714285,"PROLJEĆARI":0.07142857142857142,"ZBOR":0.07142857142857142,"SOCIJALDEMOKRATI":0.07142857142857142,"ISTINSKI":0.07142857142857142},"ZAJEDNIŠTVA":{},"SOCIJALDEMOKRATSKI":{"FORUM":1.0},"SAVEZ":{"SRBA":0.125,"SLAVONIJE":0.125},"SVIH":{"ČAKAVACA":1.0},"ZORA":{"STRANKA":1.0},"MEĐUGENERACIJSKE":{"SOLIDARNOSTI":1.0},"RADNIČKA":{"STRANKA":0.5,"PARTIJA":0.5},"DEMOKRATI":{},"SOCIJALDEMOKRATI":{},"GORANSKI":{"SAVEZ":1.0},"365":{"-":1.0},"NARODA":{},"MEĐIMURSKI":{"DEMOKRATSKI":1.0},"DEMOKRATSKA":{"STRANKA":0.411764705882353,"PRIGORSKO-ZAGREBAČKA":0.058823529411764705,"SOCIJALNA":0.058823529411764705,"ZAJEDNICA":0.058823529411764705,"UNIJA":0.11764705882352941,"SRPSKA":0.058823529411764705,"REPUBLIKANSKA":0.058823529411764705,"PARTIJA":0.058823529411764705,"SELJAČKA":0.058823529411764705,"REGIONALNA":0.058823529411764705},"OTPORA":{},"RAZVOJ":{"HRVATSKE":1.0},"LIBERALNIH":{"DEMOKRATA":1.0},"LISTA":{"STIPE PETRINA":0.1111111111111111,"MLADIH":0.1111111111111111,"ZA":0.1111111111111111},"BLOK":{"UMIROVLJENICI":0.5,"-":0.5},"DOM":{},"SOCIJALNA":{"UNIJA":1.0},"SLAVONIJE":{"I":1.0},"UMIROVLJENIKA":{},"NOVA":{"SRPSKA":0.5,"LJEVICA":0.5},"BARANJE":{},"EUROPSKA":{"STRANKA":1.0},"JUŽNOHRVATSKA":{"STRANKA":1.0},"KAJKAVACA":{"I":1.0},"GORANSKA":{"STRANKA":1.0},"NAPRIJED":{"HRVATSKA!":1.0},"ŽIVI":{"ZID":1.0},"-":{"STRANKA":0.29411764705882354,"EKO":0.058823529411764705,"REFORMISTI":0.058823529411764705,"SNAGA":0.058823529411764705,"PROGRESIVNI":0.058823529411764705,"1861":0.058823529411764705,"STJEPAN RADIĆ":0.058823529411764705,"NEZAVISNA":0.11764705882352941,"LIBERALNI":0.058823529411764705,"POKRET":0.1764705882352941},"ČISTA":{"STRANKA":1.0},"LIBERALNI":{"DEMOKRATI":1.0},"SVJESNIH":{"GRAĐANA":1.0},"SOCIJALDEMOKRATA":{"HRVATSKE":1.0},"LJEVICA":{"HRVATSKE":0.6666666666666666},"PARTIJA":{"SRBA":0.25,"HRVATSKE":0.75},"ZELENA":{"STRANKA":0.3333333333333333,"LISTA":0.3333333333333333,"LJEVICA":0.3333333333333333},"VAL":{"-":1.0},"MODERNU":{"HRVATSKU":1.0},"DEMOKRŠĆANI":{},"DUBROVAČKI":{"DEMOKRATSKI":1.0},"PRAVNE":{"DRŽAVE":1.0},"ROMA":{"HRVATSKE":1.0},"PRAVA":{"-":0.3333333333333333,"DR. ANTE STARČEVIĆ":0.16666666666666666},"SAMOSTALNA":{"DEMOKRATSKA":1.0},"ROMSKA":{"DEMOKRATSKA":1.0},"STJEPAN KOŽIĆ":{"-":1.0},"DALMATINSKI":{"DOM":1.0},"STRAŽA":{"NACIONALNA":1.0},"ODRŽIVI":{"RAZVOJ":1.0},"SOCIJALNO-LIBERALNA":{"STRANKA":1.0},"BRANITELJI":{"I":1.0},"ZAVJET":{"ZA":1.0},"PREPOROD":{},"ZBOR":{},"RAZVOJA":{},"PROGRESIVNI":{"SAVEZ":1.0},"MREŽA":{"NEZAVISNIH":1.0},"ISTARSKI":{"LABURISTI":0.3333333333333333,"SOCIJALDEMOKRATSKI":0.3333333333333333,"DEMOKRATSKI":0.3333333333333333},"OSLOBODILAČKI":{"POKRET":1.0},"PRIMORSKO":{"GORANSKI":0.5,"GORANSKA":0.5},"NEZAVISNI":{"UMIROVLJENICI":0.5,"DEMOKRATI":0.5},"I":{"UMIROVLJENICI":0.2,"ŠTOKAVACA":0.2,"BARANJE":0.4,"SOLIDARNOSTI":0.2},"MLADIH":{},"ZAKONA":{},"ZAGREBAČKA":{"STRANKA":0.5,"NEZAVISNA":0.5},"ZELENI":{"STRANKA":0.25,"SAVEZ":0.25,"HRVATSKE":0.25,"ZAJEDNO":0.25},"OVRŠENIKA":{},"UMIROVLJENIČKA":{"DEMOKRATSKA":1.0},"DR. ANTE STARČEVIĆ":{},"REGIONALNA":{"STRANKA":1.0},"SLAVONSKE":{"RAVNICE":1.0},"ISTINSKI":{"PREPOROD":1.0},"MEĐIMURSKA":{"STRANKA":1.0},"SOCIJALNO-DEMOKRATSKA":{"UNIJA":1.0},"REPUBLIKANSKE":{"SELJAČKE":1.0},"CENTAR":{},"HRVATSKE":{"REPUBLIKANSKE":0.0625},"BANDIĆ MILAN":{"365":1.0},"IVAN PERNAR":{},"BRANITELJSKA":{"PUČKA":1.0},"USPJEŠNU":{"HRVATSKU":1.0},"OBITELJSKA":{"STRANKA":1.0},"NAŠA":{"STRANKA":1.0},"DEMOKRATSKE":{"AKCIJE":1.0},"NARODNA":{"STRANKA":1.0},"AKTIVNI":{"BRANITELJI":0.5,"NEZAVISNI":0.5},"DOMOVINA":{},"RADA":{"I":0.3333333333333333},"NEOVISNI":{"ZA":1.0},"GRAĐANSKOG":{"OTPORA":1.0},"LJUDSKA":{"PRAVA":1.0},"BOLJU":{"HRVATSKU":1.0},"KONZERVATIVNA":{"STRANKA":1.0},"BRAĆE":{"RADIĆ":1.0},"ZA":{"ZAGREB":0.1,"RIJEKU":0.1,"MODERNU":0.2,"LJUDSKA":0.1,"BOLJU":0.1,"HRVATSKU":0.30000000000000004,"USPJEŠNU":0.1},"DUSPARA MIRKO":{"-":1.0},"HRVATSKOG":{"ZAJEDNIŠTVA":1.0},"NOVI":{"VAL":1.0},"NOVOG":{"DOBA":1.0},"SLAVONSKA":{"STRANKA":1.0},"PUČKA":{"STRANKA":1.0},"HRVATSKU":{},"LIBRA":{"-":1.0},"ABECEDA":{"DEMOKRACIJE":1.0},"GRAĐANA":{},"DALMATINSKA":{"AKCIJA":1.0},"VIDIK":{},"EKOLOŠKI":{"SVJESNIH":1.0},"FORUM":{},"UNIJA":{"-":0.25,"HRVATSKE":0.25},"RAVNICE":{},"HRAST":{"-":1.0},"DOMOVINSKI":{"POKRET":1.0},"ZAJEDNO":{},"STRANKA":{"LIBERALNIH":0.0136986301369863,"SVIH":0.0136986301369863,"BRAĆE":0.0136986301369863,"EKOLOŠKI":0.0136986301369863,"MEĐUGENERACIJSKE":0.0136986301369863,"PRAVA":0.0684931506849315,"ZA":0.0136986301369863,"ŽENA":0.0136986301369863,"HRVATSKOG":0.0136986301369863,"RAZVOJA":0.0136986301369863,"UMIROVLJENIKA":0.0684931506849315,"NEZAPOSLENIH":0.0136986301369863,"BOŠNJAKA":0.0136986301369863,"SLAVONSKE":0.0136986301369863,"NOVOG":0.0136986301369863,"DEMOKRATSKE":0.0136986301369863,"NARODA":0.0136986301369863,"REDA":0.0136986301369863,"ZELENIH":0.0136986301369863,"HRVATSKE":0.0136986301369863,"IVAN PERNAR":0.0136986301369863,"NARAVNOG":0.0136986301369863,"ZAJEDNO":0.0136986301369863,"RADA":0.0410958904109589,"HRVATSKI":0.0136986301369863,"PRAVNE":0.0136986301369863,"-":0.0410958904109589,"ROMA":0.0136986301369863,"MLADIH":0.0136986301369863,"GRAĐANSKOG":0.0136986301369863,"OVRŠENIKA":0.0136986301369863},"NARODNJACI":{},"DOBA":{},"SNAGA":{"NARODA":0.5,"SLAVONIJE":0.5},"SOCIJALDEMOKRATSKA":{"PARTIJA":1.0},"1861":{},"GOSPODARSKA":{"STRANKA":1.0},"NEZAPOSLENIH":{},"GRAĐANSKO-LIBERALNI":{"SAVEZ":1.0},"ZAJEDNICA":{},"SOCIJALISTIČKA":{"RADNIČKA":0.5,"PARTIJA":0.5},"RADIĆ":{},"SOLIDARNOSTI":{"HRVATSKE":0.5},"PROLJEĆA":{},"EKO":{"SAVEZ":1.0},"ZID":{},"ZELENIH":{"-":1.0},"FOKUS":{},"NACIONALNA":{"STRANKA":0.5,"DEMOKRATSKA":0.5},"ZAGREB":{},"HRVATSKA":{"KONZERVATIVNA":0.02564102564102564,"ZORA":0.02564102564102564,"PUČKA":0.02564102564102564,"SOCIJALNO-LIBERALNA":0.02564102564102564,"NARODNA":0.02564102564102564,"BRANITELJSKA":0.02564102564102564,"REPUBLIKANSKA":0.02564102564102564,"RADNIČKA":0.02564102564102564,"KRŠĆANSKA":0.02564102564102564,"SELJAČKA":0.07692307692307693,"DEMOKRŠĆANSKA":0.02564102564102564,"STRANKA":0.3846153846153847,"-":0.02564102564102564,"EUROPSKA":0.02564102564102564,"ROMSKA":0.02564102564102564,"PROLJEĆA":0.02564102564102564,"DEMOKRATSKA":0.10256410256410256,"STRAŽA":0.02564102564102564,"ČISTA":0.02564102564102564},"LIBERALNA":{"STRANKA":1.0},"DRŽAVE":{},"POKRET":{"ZA":0.7142857142857142},"JEDINO":{"HRVATSKA":1.0},"PIRATSKA":{"STRANKA":1.0},"POSAVSKO":{"SLAVONSKA":1.0},"PROMIJENIMO":{"HRVATSKU":1.0},"DEMOKRATA":{},"SABOR":{},"SELJAČKA":{"STRANKA":1.0},"BOŠNJAKA":{"HRVATSKE":1.0},"HRVATSKA!":{"-":1.0},"UMIROVLJENICI":{"HRVATSKE":0.3333333333333333,"ZAJEDNO":0.3333333333333333},"ZAGORSKA":{"STRANKA":0.6666666666666666,"DEMOKRATSKA":0.3333333333333333},"STRANKE":{},"REDA":{},"LABURISTI":{"-":0.5},"SLOBODNA":{"HRVATSKA":1.0},"ŠTOKAVACA":{},"ČAKAVACA":{"KAJKAVACA":1.0}}